ORDER_KEY,ORDER_DATE,CUSTOMER_KEY,STATUS_CODE,PRIORITY_CODE,CLERK_NAME,SHIP_PRIORITY,ORDER_COUNT,RETURN_COUNT,GROSS_ITEM_SALES_AMOUNT,ITEM_DISCOUNT_AMOUNT,ITEM_TAX_AMOUNT,NET_ITEM_SALES_AMOUNT,NAME,ADDRESS,NATION,REGION,PHONE_NUMBER
5607,1992-01-01,911,F,4-NOT SPECIFIED,Clerk#000000137,0,1,1,27998,0.0,0.0,55996.0,,,,,
20742,1992-01-01,1369,F,4-NOT SPECIFIED,Clerk#000000913,0,1,0,143542,0.0,0.0,287084.0,,,,,
27137,1992-01-01,542,F,2-HIGH,Clerk#000000881,0,1,2,262188,0.0,0.0,524376.0,,,,,
27015,1992-01-01,110,F,5-LOW,Clerk#000000551,0,1,1,29797,0.0,0.0,59594.0,Customer#000000110,mymPfgphaYXNYtk,IRAN,MIDDLE EAST,20-893-536-2069
37543,1992-01-01,1243,F,3-MEDIUM,Clerk#000000054,0,1,2,171394,0.0,0.0,342788.0,,,,,
45697,1992-01-01,1096,F,4-NOT SPECIFIED,Clerk#000000293,0,1,3,391764,0.0,0.0,783528.0,,,,,
23010,1992-01-01,913,F,2-HIGH,Clerk#000000831,0,1,3,116499,0.0,0.0,232998.0,,,,,
59718,1992-01-01,248,F,5-LOW,Clerk#000000897,0,1,1,82116,0.0,0.0,164232.0,Customer#000000248,mgT15r8asLyaED,IRAN,MIDDLE EAST,20-447-727-8914
3271,1992-01-01,331,F,1-URGENT,Clerk#000000421,0,1,1,140174,0.0,0.0,280348.0,Customer#000000331,"Ug e2IBbl,LJuqjNz5XeQV",ETHIOPIA,AFRICA,15-411-430-7917
51648,1992-01-02,1054,F,5-LOW,Clerk#000000565,0,1,5,316564,0.0,0.0,633128.0,,,,,
53988,1992-01-02,589,F,3-MEDIUM,Clerk#000000182,0,1,2,81096,0.0,0.0,162192.0,,,,,
3139,1992-01-02,166,F,3-MEDIUM,Clerk#000000855,0,1,1,59542,0.0,0.0,119084.0,Customer#000000166,15HWGtwoP77EJfd95HxtMSTZUelV8NOKne2,IRAN,MIDDLE EAST,20-320-530-5920
1248,1992-01-02,472,F,1-URGENT,Clerk#000000890,0,1,2,297769,0.0,0.0,595538.0,Customer#000000472,hWgfnsmTAEOx9Mqp87YwztGrgLLqNkjMPh4,JAPAN,ASIA,22-940-478-1933
3712,1992-01-02,640,F,2-HIGH,Clerk#000000032,0,1,2,177881,0.0,0.0,355762.0,,,,,
54214,1992-01-03,874,F,3-MEDIUM,Clerk#000000194,0,1,0,55016,0.0,0.0,110032.0,,,,,
24167,1992-01-03,1036,F,5-LOW,Clerk#000000622,0,1,4,144807,0.0,0.0,289614.0,,,,,
36582,1992-01-03,34,F,1-URGENT,Clerk#000000358,0,1,5,199709,0.0,0.0,399418.0,Customer#000000034,"Q6G9wZ6dnczmtOx509xgE,M2KV",MOROCCO,AFRICA,25-344-968-5422
22693,1992-01-03,218,F,2-HIGH,Clerk#000000108,0,1,4,246944,0.0,0.0,493888.0,Customer#000000218," V1FCIeSseuyNGYfHS Rx0,sc4IsBfReV",EGYPT,MIDDLE EAST,14-480-931-8567
29030,1992-01-03,1153,F,3-MEDIUM,Clerk#000000995,0,1,0,65800,0.0,0.0,131600.0,,,,,
6657,1992-01-03,463,F,4-NOT SPECIFIED,Clerk#000000820,0,1,2,40064,0.0,0.0,80128.0,Customer#000000463,"LV7MN7Tkm2NSo4Q3lwvjxGQyRJjRZRf,M",INDIA,ASIA,18-167-214-5805
46085,1992-01-03,83,F,4-NOT SPECIFIED,Clerk#000000237,0,1,2,142216,0.0,0.0,284432.0,Customer#000000083,HnhTNB5xpnSF20JBH4Ycs6psVnkC3RDf,RUSSIA,EUROPE,32-817-154-4122
47591,1992-01-03,823,F,1-URGENT,Clerk#000000497,0,1,0,127469,0.0,0.0,254938.0,,,,,
7618,1992-01-04,883,F,2-HIGH,Clerk#000000782,0,1,6,303463,0.0,0.0,606926.0,,,,,
10945,1992-01-04,248,F,3-MEDIUM,Clerk#000000296,0,1,2,173764,0.0,0.0,347528.0,Customer#000000248,mgT15r8asLyaED,IRAN,MIDDLE EAST,20-447-727-8914
9379,1992-01-04,350,F,1-URGENT,Clerk#000000764,0,1,1,148653,0.0,0.0,297306.0,Customer#000000350,G vBMGVmIOHl7tc4HeNMiMkKY,MOROCCO,AFRICA,25-960-809-3690
56675,1992-01-04,1078,F,4-NOT SPECIFIED,Clerk#000000140,0,1,3,143299,0.0,0.0,286598.0,,,,,
4000,1992-01-04,697,F,5-LOW,Clerk#000000339,0,1,0,148674,0.0,0.0,297348.0,,,,,
56033,1992-01-04,1357,F,2-HIGH,Clerk#000000446,0,1,1,35603,0.0,0.0,71206.0,,,,,
16164,1992-01-04,985,F,5-LOW,Clerk#000000057,0,1,1,133908,0.0,0.0,267816.0,,,,,
50471,1992-01-04,751,F,5-LOW,Clerk#000000217,0,1,0,40652,0.0,0.0,81304.0,,,,,
35811,1992-01-04,586,F,1-URGENT,Clerk#000000257,0,1,4,187286,0.0,0.0,374572.0,,,,,
34145,1992-01-04,530,F,3-MEDIUM,Clerk#000000976,0,1,1,91503,0.0,0.0,183006.0,,,,,
43494,1992-01-04,913,F,3-MEDIUM,Clerk#000000771,0,1,0,123113,0.0,0.0,246226.0,,,,,
16064,1992-01-05,19,F,3-MEDIUM,Clerk#000000209,0,1,1,119271,0.0,0.0,238542.0,Customer#000000019,"uc,3bHIx84H,wdrmLOjVsiqXCq2tr",CHINA,ASIA,28-396-526-5053
55011,1992-01-05,833,F,1-URGENT,Clerk#000000957,0,1,3,215587,0.0,0.0,431174.0,,,,,
6278,1992-01-05,337,F,2-HIGH,Clerk#000000042,0,1,4,158033,0.0,0.0,316066.0,Customer#000000337,EluRTlO4pE7u0XSKKyvKvVyt4sADWFRLZuiyn,ALGERIA,AFRICA,10-337-165-1106
44646,1992-01-05,1400,F,5-LOW,Clerk#000000348,0,1,2,101543,0.0,0.0,203086.0,,,,,
7107,1992-01-05,908,F,4-NOT SPECIFIED,Clerk#000000510,0,1,3,287989,0.0,0.0,575978.0,,,,,
31555,1992-01-05,679,F,1-URGENT,Clerk#000000049,0,1,2,107575,0.0,0.0,215150.0,,,,,
39619,1992-01-05,347,F,5-LOW,Clerk#000000115,0,1,2,142375,0.0,0.0,284750.0,Customer#000000347,qRT7WRrnykLDfTc5Ei,ARGENTINA,AMERICA,11-519-832-9913
16036,1992-01-06,808,F,3-MEDIUM,Clerk#000000350,0,1,1,259059,0.0,0.0,518118.0,,,,,
13444,1992-01-06,176,F,2-HIGH,Clerk#000000199,0,1,2,312227,0.0,0.0,624454.0,Customer#000000176,9hBepY2uz88HlCqToOLgeU770u81FeL,JORDAN,MIDDLE EAST,23-432-942-8830
5601,1992-01-06,110,F,2-HIGH,Clerk#000000827,0,1,0,184411,0.0,0.0,368822.0,Customer#000000110,mymPfgphaYXNYtk,IRAN,MIDDLE EAST,20-893-536-2069
10432,1992-01-06,1231,F,5-LOW,Clerk#000000429,0,1,1,167038,0.0,0.0,334076.0,,,,,
25442,1992-01-06,499,F,2-HIGH,Clerk#000000977,0,1,0,143386,0.0,0.0,286772.0,Customer#000000499,m1hO3VXQVbwTbJ99Hw,KENYA,AFRICA,24-387-817-9149
52517,1992-01-06,359,F,3-MEDIUM,Clerk#000000665,0,1,1,133861,0.0,0.0,267722.0,Customer#000000359,z4lUH9ssc3K2w0UjRIuNRrdqw,KENYA,AFRICA,24-608-547-4751
18625,1992-01-06,1489,F,1-URGENT,Clerk#000000512,0,1,5,275804,0.0,0.0,551608.0,,,,,
52516,1992-01-06,1150,F,2-HIGH,Clerk#000000699,0,1,4,161540,0.0,0.0,323080.0,,,,,
4800,1992-01-06,352,F,5-LOW,Clerk#000000625,0,1,3,139854,0.0,0.0,279708.0,Customer#000000352,HqhIE5GRTK0dFtWpJUQENU4aa1bwdsUBEWtzUw,INDONESIA,ASIA,19-906-158-8420
57698,1992-01-07,953,F,1-URGENT,Clerk#000000753,0,1,4,192391,0.0,0.0,384782.0,,,,,
2983,1992-01-07,613,F,1-URGENT,Clerk#000000278,0,1,1,82235,0.0,0.0,164470.0,,,,,
56645,1992-01-07,1289,F,5-LOW,Clerk#000000424,0,1,3,295711,0.0,0.0,591422.0,,,,,
15141,1992-01-08,379,F,3-MEDIUM,Clerk#000000887,0,1,3,136621,0.0,0.0,273242.0,Customer#000000379,"t3QzCf,q1NbshmjOIUY",GERMANY,EUROPE,17-228-550-9246
45284,1992-01-08,788,F,2-HIGH,Clerk#000000620,0,1,0,46799,0.0,0.0,93598.0,,,,,
54115,1992-01-08,791,F,5-LOW,Clerk#000000109,0,1,3,196120,0.0,0.0,392240.0,,,,,
12769,1992-01-08,1057,F,4-NOT SPECIFIED,Clerk#000000590,0,1,1,29039,0.0,0.0,58078.0,,,,,
58081,1992-01-08,161,F,2-HIGH,Clerk#000000690,0,1,3,136180,0.0,0.0,272360.0,Customer#000000161,"2oRkx,NtjFUh",GERMANY,EUROPE,17-805-718-2449
4292,1992-01-09,244,F,3-MEDIUM,Clerk#000000794,0,1,3,181006,0.0,0.0,362012.0,Customer#000000244,FBVbCpEVaFaP8KogqQO2VuXeVx,MOROCCO,AFRICA,25-621-225-8173
26818,1992-01-09,1186,F,4-NOT SPECIFIED,Clerk#000000401,0,1,2,317113,0.0,0.0,634226.0,,,,,
42886,1992-01-09,1265,F,3-MEDIUM,Clerk#000000519,0,1,3,73064,0.0,0.0,146128.0,,,,,
23334,1992-01-09,1444,F,3-MEDIUM,Clerk#000000732,0,1,1,33220,0.0,0.0,66440.0,,,,,
59456,1992-01-09,1012,F,5-LOW,Clerk#000000779,0,1,2,165202,0.0,0.0,330404.0,,,,,
7042,1992-01-09,359,F,3-MEDIUM,Clerk#000000498,0,1,2,212291,0.0,0.0,424582.0,Customer#000000359,z4lUH9ssc3K2w0UjRIuNRrdqw,KENYA,AFRICA,24-608-547-4751
14726,1992-01-09,1279,F,5-LOW,Clerk#000000590,0,1,1,96127,0.0,0.0,192254.0,,,,,
54307,1992-01-09,988,F,2-HIGH,Clerk#000000085,0,1,2,218990,0.0,0.0,437980.0,,,,,
5409,1992-01-09,127,F,5-LOW,Clerk#000000171,0,1,2,191975,0.0,0.0,383950.0,Customer#000000127,Xyge4DX2rXKxXyye1Z47LeLVEYMLf4Bfcj,VIETNAM,ASIA,31-101-672-2951
14820,1992-01-10,1135,F,2-HIGH,Clerk#000000090,0,1,2,153678,0.0,0.0,307356.0,,,,,
53474,1992-01-10,118,F,4-NOT SPECIFIED,Clerk#000000875,0,1,0,106508,0.0,0.0,213016.0,Customer#000000118,OVnFuHygK9wx3xpg8,CHINA,ASIA,28-639-943-7051
18180,1992-01-10,1006,F,2-HIGH,Clerk#000000081,0,1,1,59416,0.0,0.0,118832.0,,,,,
51424,1992-01-10,949,F,4-NOT SPECIFIED,Clerk#000000161,0,1,1,176222,0.0,0.0,352444.0,,,,,
3744,1992-01-10,643,F,3-MEDIUM,Clerk#000000765,0,1,0,55498,0.0,0.0,110996.0,,,,,
48704,1992-01-10,196,F,2-HIGH,Clerk#000000748,0,1,4,263199,0.0,0.0,526398.0,Customer#000000196,68RstNo6a2B,CHINA,ASIA,28-135-177-2472
58915,1992-01-10,1037,F,4-NOT SPECIFIED,Clerk#000000040,0,1,2,157674,0.0,0.0,315348.0,,,,,
11296,1992-01-10,832,F,1-URGENT,Clerk#000000966,0,1,2,378184,0.0,0.0,756368.0,,,,,
39648,1992-01-11,653,F,5-LOW,Clerk#000000171,0,1,4,103192,0.0,0.0,206384.0,,,,,
18275,1992-01-11,206,F,5-LOW,Clerk#000000424,0,1,1,212131,0.0,0.0,424262.0,Customer#000000206,"xsg,ehRHS5OKqyBR5YtoPm8myz",INDONESIA,ASIA,19-976-832-3312
44033,1992-01-11,1370,F,1-URGENT,Clerk#000000109,0,1,1,61401,0.0,0.0,122802.0,,,,,
4998,1992-01-11,319,F,4-NOT SPECIFIED,Clerk#000000054,0,1,3,202500,0.0,0.0,405000.0,Customer#000000319, UQ5mF3sdoZT2,FRANCE,EUROPE,16-734-928-1642
34662,1992-01-11,760,F,1-URGENT,Clerk#000000878,0,1,3,255918,0.0,0.0,511836.0,,,,,
10053,1992-01-11,1441,F,2-HIGH,Clerk#000000508,0,1,4,155159,0.0,0.0,310318.0,,,,,
17540,1992-01-11,866,F,5-LOW,Clerk#000000084,0,1,1,103805,0.0,0.0,207610.0,,,,,
20708,1992-01-11,1009,F,5-LOW,Clerk#000000321,0,1,4,221116,0.0,0.0,442232.0,,,,,
54786,1992-01-12,226,F,4-NOT SPECIFIED,Clerk#000000033,0,1,1,159936,0.0,0.0,319872.0,Customer#000000226,ToEmqB90fM TkLqyEgX8MJ8T8NkK,CANADA,AMERICA,13-452-318-7709
39942,1992-01-12,712,F,1-URGENT,Clerk#000000767,0,1,0,35590,0.0,0.0,71180.0,,,,,
22663,1992-01-12,1342,F,5-LOW,Clerk#000000147,0,1,1,152925,0.0,0.0,305850.0,,,,,
47879,1992-01-12,1165,F,1-URGENT,Clerk#000000528,0,1,1,57369,0.0,0.0,114738.0,,,,,
23015,1992-01-12,782,F,3-MEDIUM,Clerk#000000142,0,1,1,112729,0.0,0.0,225458.0,,,,,
41281,1992-01-12,502,F,1-URGENT,Clerk#000000532,0,1,0,41624,0.0,0.0,83248.0,,,,,
44036,1992-01-12,412,F,2-HIGH,Clerk#000000917,0,1,1,25788,0.0,0.0,51576.0,Customer#000000412,"5IN2Y,QrhDJ2YBVGKiDbMpzi2hk1fmozIy2zQ",RUSSIA,EUROPE,32-940-318-3191
51970,1992-01-12,719,F,4-NOT SPECIFIED,Clerk#000000154,0,1,3,112642,0.0,0.0,225284.0,,,,,
59969,1992-01-12,1210,F,2-HIGH,Clerk#000000926,0,1,3,228543,0.0,0.0,457086.0,,,,,
38147,1992-01-13,1384,F,2-HIGH,Clerk#000000835,0,1,3,165784,0.0,0.0,331568.0,,,,,
292,1992-01-13,223,F,2-HIGH,Clerk#000000193,0,1,2,56956,0.0,0.0,113912.0,Customer#000000223,"ftau6Pk,brboMyEl,,kFm",SAUDI ARABIA,MIDDLE EAST,30-193-643-1517
7783,1992-01-13,1307,F,3-MEDIUM,Clerk#000000657,0,1,1,190201,0.0,0.0,380402.0,,,,,
51269,1992-01-13,607,F,2-HIGH,Clerk#000000390,0,1,4,185343,0.0,0.0,370686.0,,,,,
28485,1992-01-13,79,F,2-HIGH,Clerk#000000707,0,1,6,233202,0.0,0.0,466404.0,Customer#000000079,"n5hH2ftkVRwW8idtD,BmM2",MOROCCO,AFRICA,25-147-850-4166
21382,1992-01-13,455,F,1-URGENT,Clerk#000000112,0,1,6,376378,0.0,0.0,752756.0,Customer#000000455,"sssuscPJ,ZYQ8viO",FRANCE,EUROPE,16-863-225-9454
5382,1992-01-13,344,F,5-LOW,Clerk#000000809,0,1,1,180903,0.0,0.0,361806.0,Customer#000000344,"Zasc8,E0VVY",BRAZIL,AMERICA,12-810-788-6699
24005,1992-01-13,602,F,1-URGENT,Clerk#000000359,0,1,1,147474,0.0,0.0,294948.0,,,,,
56070,1992-01-14,592,F,5-LOW,Clerk#000000410,0,1,0,82337,0.0,0.0,164674.0,,,,,
52068,1992-01-14,301,F,4-NOT SPECIFIED,Clerk#000000155,0,1,6,175946,0.0,0.0,351892.0,Customer#000000301,FtFq9Cgg5UAzUL,GERMANY,EUROPE,17-265-345-9265
3011,1992-01-14,898,F,5-LOW,Clerk#000000515,0,1,1,56817,0.0,0.0,113634.0,,,,,
22914,1992-01-14,409,F,1-URGENT,Clerk#000000859,0,1,3,317609,0.0,0.0,635218.0,Customer#000000409,mtrMiDvQxNsy1Cj0cU4ITEW5wGKLPQ2IPHNE9r4,IRAQ,MIDDLE EAST,21-466-412-4731
6501,1992-01-14,34,F,2-HIGH,Clerk#000000637,0,1,3,169534,0.0,0.0,339068.0,Customer#000000034,"Q6G9wZ6dnczmtOx509xgE,M2KV",MOROCCO,AFRICA,25-344-968-5422
48326,1992-01-14,1499,F,4-NOT SPECIFIED,Clerk#000000793,0,1,2,69347,0.0,0.0,138694.0,,,,,
10151,1992-01-15,589,F,1-URGENT,Clerk#000000645,0,1,1,10791,0.0,0.0,21582.0,,,,,
36357,1992-01-15,670,F,4-NOT SPECIFIED,Clerk#000000771,0,1,3,201999,0.0,0.0,403998.0,,,,,
20834,1992-01-15,1168,F,3-MEDIUM,Clerk#000000830,0,1,0,37481,0.0,0.0,74962.0,,,,,
32615,1992-01-15,1348,F,4-NOT SPECIFIED,Clerk#000000128,0,1,0,31568,0.0,0.0,63136.0,,,,,
49543,1992-01-15,392,F,4-NOT SPECIFIED,Clerk#000000523,0,1,2,93974,0.0,0.0,187948.0,Customer#000000392,H7M6JObndO,PERU,AMERICA,27-601-793-2507
56007,1992-01-16,1420,F,2-HIGH,Clerk#000000480,0,1,1,9532,0.0,0.0,19064.0,,,,,
16807,1992-01-16,631,F,3-MEDIUM,Clerk#000000655,0,1,1,158199,0.0,0.0,316398.0,,,,,
24864,1992-01-16,400,F,1-URGENT,Clerk#000000199,0,1,2,155985,0.0,0.0,311970.0,Customer#000000400,U23zy17EPxqmJn7neVc,KENYA,AFRICA,24-522-746-1247
26883,1992-01-16,1478,F,5-LOW,Clerk#000000201,0,1,0,45743,0.0,0.0,91486.0,,,,,
25351,1992-01-16,1498,F,3-MEDIUM,Clerk#000000470,0,1,1,37507,0.0,0.0,75014.0,,,,,
2210,1992-01-16,319,F,2-HIGH,Clerk#000000941,0,1,0,60436,0.0,0.0,120872.0,Customer#000000319, UQ5mF3sdoZT2,FRANCE,EUROPE,16-734-928-1642
13027,1992-01-16,955,F,1-URGENT,Clerk#000000236,0,1,1,163535,0.0,0.0,327070.0,,,,,
46563,1992-01-17,281,F,4-NOT SPECIFIED,Clerk#000000368,0,1,3,92757,0.0,0.0,185514.0,Customer#000000281,x5gJ8IGm2Fo9Jigt,FRANCE,EUROPE,16-809-382-6446
29090,1992-01-17,1024,F,3-MEDIUM,Clerk#000000898,0,1,5,206721,0.0,0.0,413442.0,,,,,
9632,1992-01-17,1429,F,5-LOW,Clerk#000000857,0,1,2,147894,0.0,0.0,295788.0,,,,,
29573,1992-01-17,256,F,1-URGENT,Clerk#000000064,0,1,0,82455,0.0,0.0,164910.0,Customer#000000256,eJ6AggYh80JMEzZNwYK4CIC2flT,IRAN,MIDDLE EAST,20-229-271-4429
23268,1992-01-17,601,F,2-HIGH,Clerk#000000538,0,1,3,123620,0.0,0.0,247240.0,,,,,
3685,1992-01-17,158,F,3-MEDIUM,Clerk#000000954,0,1,3,232738,0.0,0.0,465476.0,Customer#000000158,"2HaYxi0J1620aoI1CdFyrW,rWOy",IRAN,MIDDLE EAST,20-383-680-1329
33410,1992-01-17,1288,F,1-URGENT,Clerk#000000489,0,1,1,104644,0.0,0.0,209288.0,,,,,
29888,1992-01-17,1300,F,1-URGENT,Clerk#000000890,0,1,2,208786,0.0,0.0,417572.0,,,,,
29412,1992-01-18,944,F,1-URGENT,Clerk#000000754,0,1,0,23223,0.0,0.0,46446.0,,,,,
54978,1992-01-19,842,F,2-HIGH,Clerk#000000675,0,1,1,26517,0.0,0.0,53034.0,,,,,
15491,1992-01-19,1471,F,3-MEDIUM,Clerk#000000851,0,1,4,192809,0.0,0.0,385618.0,,,,,
42753,1992-01-19,1297,F,3-MEDIUM,Clerk#000000656,0,1,0,129793,0.0,0.0,259586.0,,,,,
28197,1992-01-19,1361,F,4-NOT SPECIFIED,Clerk#000000084,0,1,1,93587,0.0,0.0,187174.0,,,,,
24290,1992-01-19,1351,F,4-NOT SPECIFIED,Clerk#000000279,0,1,0,75492,0.0,0.0,150984.0,,,,,
52837,1992-01-19,1297,F,1-URGENT,Clerk#000000712,0,1,1,226864,0.0,0.0,453728.0,,,,,
51044,1992-01-19,1234,F,5-LOW,Clerk#000000757,0,1,5,213203,0.0,0.0,426406.0,,,,,
6886,1992-01-20,1006,F,2-HIGH,Clerk#000000116,0,1,4,156599,0.0,0.0,313198.0,,,,,
11969,1992-01-20,449,F,4-NOT SPECIFIED,Clerk#000000641,0,1,4,273833,0.0,0.0,547666.0,Customer#000000449,DiUXazp8EYcJFsX2a7nciEpo9W5BRB4iqdb9HWL,EGYPT,MIDDLE EAST,14-893-381-6454
50433,1992-01-20,1135,F,1-URGENT,Clerk#000000830,0,1,2,343169,0.0,0.0,686338.0,,,,,
7684,1992-01-20,1145,F,3-MEDIUM,Clerk#000000068,0,1,2,209445,0.0,0.0,418890.0,,,,,
33956,1992-01-20,253,F,5-LOW,Clerk#000000001,0,1,0,173523,0.0,0.0,347046.0,Customer#000000253,naGyIRPFPH E,MOROCCO,AFRICA,25-461-140-9884
38277,1992-01-20,976,F,1-URGENT,Clerk#000000511,0,1,2,22648,0.0,0.0,45296.0,,,,,
33285,1992-01-20,736,F,2-HIGH,Clerk#000000396,0,1,4,244817,0.0,0.0,489634.0,,,,,
8034,1992-01-20,739,F,2-HIGH,Clerk#000000998,0,1,4,152940,0.0,0.0,305880.0,,,,,
29223,1992-01-21,1099,F,2-HIGH,Clerk#000000325,0,1,2,233212,0.0,0.0,466424.0,,,,,
37377,1992-01-21,1267,F,3-MEDIUM,Clerk#000000476,0,1,5,206607,0.0,0.0,413214.0,,,,,
19617,1992-01-21,62,F,5-LOW,Clerk#000000973,0,1,1,80621,0.0,0.0,161242.0,Customer#000000062,"upJK2Dnw13,",GERMANY,EUROPE,17-361-978-7059
38690,1992-01-21,716,F,5-LOW,Clerk#000000593,0,1,1,80221,0.0,0.0,160442.0,,,,,
51232,1992-01-21,1433,F,3-MEDIUM,Clerk#000000446,0,1,2,269157,0.0,0.0,538314.0,,,,,
59489,1992-01-21,517,F,1-URGENT,Clerk#000000510,0,1,2,222398,0.0,0.0,444796.0,,,,,
7973,1992-01-21,932,F,5-LOW,Clerk#000000539,0,1,0,80495,0.0,0.0,160990.0,,,,,
6016,1992-01-21,217,F,2-HIGH,Clerk#000000119,0,1,1,101988,0.0,0.0,203976.0,Customer#000000217,YIy05RMdthrXqdfnNKud,UNITED KINGDOM,EUROPE,33-159-298-3849
11428,1992-01-22,628,F,3-MEDIUM,Clerk#000000926,0,1,1,7295,0.0,0.0,14590.0,,,,,
40706,1992-01-22,778,F,3-MEDIUM,Clerk#000000176,0,1,2,175648,0.0,0.0,351296.0,,,,,
55618,1992-01-22,1498,F,3-MEDIUM,Clerk#000000652,0,1,2,216818,0.0,0.0,433636.0,,,,,
44549,1992-01-23,814,F,3-MEDIUM,Clerk#000000915,0,1,2,163207,0.0,0.0,326414.0,,,,,
19715,1992-01-23,1046,F,1-URGENT,Clerk#000000015,0,1,1,19078,0.0,0.0,38156.0,,,,,
9761,1992-01-23,433,F,4-NOT SPECIFIED,Clerk#000000468,0,1,0,71716,0.0,0.0,143432.0,Customer#000000433,7XFuE4 euQR0w,SAUDI ARABIA,MIDDLE EAST,30-659-445-3595
30629,1992-01-23,962,F,3-MEDIUM,Clerk#000000489,0,1,4,125350,0.0,0.0,250700.0,,,,,
28582,1992-01-23,1202,F,4-NOT SPECIFIED,Clerk#000000997,0,1,2,107418,0.0,0.0,214836.0,,,,,
58178,1992-01-23,962,F,4-NOT SPECIFIED,Clerk#000000962,0,1,2,100223,0.0,0.0,200446.0,,,,,
41441,1992-01-24,1420,F,3-MEDIUM,Clerk#000000078,0,1,1,69604,0.0,0.0,139208.0,,,,,
2688,1992-01-24,974,F,2-HIGH,Clerk#000000720,0,1,5,244557,0.0,0.0,489114.0,,,,,
28902,1992-01-24,388,F,5-LOW,Clerk#000000931,0,1,6,225453,0.0,0.0,450906.0,Customer#000000388,dV4lqEufXkF8R,GERMANY,EUROPE,17-856-814-6352
36000,1992-01-24,1063,F,1-URGENT,Clerk#000000544,0,1,0,14701,0.0,0.0,29402.0,,,,,
6373,1992-01-24,385,F,4-NOT SPECIFIED,Clerk#000000432,0,1,3,183188,0.0,0.0,366376.0,Customer#000000385,zJvPI24TSPpiFzYfu3RvTKQ9,CANADA,AMERICA,13-741-675-6890
56455,1992-01-24,379,F,3-MEDIUM,Clerk#000000326,0,1,4,160037,0.0,0.0,320074.0,Customer#000000379,"t3QzCf,q1NbshmjOIUY",GERMANY,EUROPE,17-228-550-9246
26053,1992-01-25,853,F,5-LOW,Clerk#000000027,0,1,3,182637,0.0,0.0,365274.0,,,,,
44647,1992-01-25,934,F,5-LOW,Clerk#000000034,0,1,3,250865,0.0,0.0,501730.0,,,,,
46243,1992-01-25,329,F,5-LOW,Clerk#000000189,0,1,4,283906,0.0,0.0,567812.0,Customer#000000329,67r6XnIxUVgAc3pRX8tmGOw,IRAQ,MIDDLE EAST,21-106-357-8302
54784,1992-01-26,637,F,4-NOT SPECIFIED,Clerk#000000671,0,1,1,72341,0.0,0.0,144682.0,,,,,
37892,1992-01-26,1126,F,1-URGENT,Clerk#000000272,0,1,1,29567,0.0,0.0,59134.0,,,,,
50821,1992-01-26,583,F,4-NOT SPECIFIED,Clerk#000000446,0,1,1,60848,0.0,0.0,121696.0,,,,,
15073,1992-01-26,74,F,3-MEDIUM,Clerk#000000951,0,1,0,79592,0.0,0.0,159184.0,Customer#000000074,"IkJHCA3ZThF7qL7VKcrU nRLl,kylf ",EGYPT,MIDDLE EAST,14-199-862-7209
15554,1992-01-26,43,F,2-HIGH,Clerk#000000460,0,1,2,118667,0.0,0.0,237334.0,Customer#000000043,ouSbjHk8lh5fKX3zGso3ZSIj9Aa3PoaFd,ROMANIA,EUROPE,29-316-665-2897
26759,1992-01-26,41,F,4-NOT SPECIFIED,Clerk#000000200,0,1,2,213964,0.0,0.0,427928.0,Customer#000000041,IM9mzmyoxeBmvNw8lA7G3Ydska2nkZF,IRAN,MIDDLE EAST,20-917-711-4011
54177,1992-01-26,989,F,1-URGENT,Clerk#000000826,0,1,1,234182,0.0,0.0,468364.0,,,,,
15940,1992-01-27,685,F,1-URGENT,Clerk#000000634,0,1,1,104345,0.0,0.0,208690.0,,,,,
32966,1992-01-27,1006,F,5-LOW,Clerk#000000600,0,1,1,266528,0.0,0.0,533056.0,,,,,
45447,1992-01-27,355,F,3-MEDIUM,Clerk#000000626,0,1,3,216571,0.0,0.0,433142.0,Customer#000000355,205r3Xg9ZWjPZNX1z,KENYA,AFRICA,24-656-787-6091
48003,1992-01-27,278,F,3-MEDIUM,Clerk#000000489,0,1,2,248891,0.0,0.0,497782.0,Customer#000000278,4jqLjG 2aeYMFEJi,SAUDI ARABIA,MIDDLE EAST,30-445-570-5841
28129,1992-01-27,991,F,3-MEDIUM,Clerk#000000461,0,1,3,186821,0.0,0.0,373642.0,,,,,
4804,1992-01-28,358,F,2-HIGH,Clerk#000000614,0,1,1,153982,0.0,0.0,307964.0,Customer#000000358,F  z jplpUKWz1Hn7p3ez2qTsiIh,ETHIOPIA,AFRICA,15-457-255-3822
31170,1992-01-28,635,F,3-MEDIUM,Clerk#000000629,0,1,1,101465,0.0,0.0,202930.0,,,,,
41760,1992-01-28,463,F,5-LOW,Clerk#000000154,0,1,4,231661,0.0,0.0,463322.0,Customer#000000463,"LV7MN7Tkm2NSo4Q3lwvjxGQyRJjRZRf,M",INDIA,ASIA,18-167-214-5805
18886,1992-01-28,184,F,3-MEDIUM,Clerk#000000672,0,1,3,222603,0.0,0.0,445206.0,Customer#000000184,uoOpBuRr42f1WIqnVYAhxbAA9bkK6HUGpOt,VIETNAM,ASIA,31-739-340-5476
36418,1992-01-28,1489,F,4-NOT SPECIFIED,Clerk#000000370,0,1,2,103016,0.0,0.0,206032.0,,,,,
45984,1992-01-28,1471,F,3-MEDIUM,Clerk#000000883,0,1,3,194158,0.0,0.0,388316.0,,,,,
46852,1992-01-29,1390,F,4-NOT SPECIFIED,Clerk#000000167,0,1,3,322717,0.0,0.0,645434.0,,,,,
8070,1992-01-29,1003,F,3-MEDIUM,Clerk#000000293,0,1,2,349112,0.0,0.0,698224.0,,,,,
36484,1992-01-29,493,F,1-URGENT,Clerk#000000501,0,1,3,203604,0.0,0.0,407208.0,Customer#000000493,G dRBjxmBBug1 xRSa6VwRchFDtU5b,MOZAMBIQUE,AFRICA,26-514-558-7246
47526,1992-01-29,1208,F,1-URGENT,Clerk#000000987,0,1,2,93298,0.0,0.0,186596.0,,,,,
44802,1992-01-29,281,F,5-LOW,Clerk#000000069,0,1,1,43299,0.0,0.0,86598.0,Customer#000000281,x5gJ8IGm2Fo9Jigt,FRANCE,EUROPE,16-809-382-6446
37347,1992-01-30,374,F,2-HIGH,Clerk#000000701,0,1,4,211139,0.0,0.0,422278.0,Customer#000000374,"fg4eklU1,UaFOan",RUSSIA,EUROPE,32-282-723-3627
3168,1992-01-30,1358,F,5-LOW,Clerk#000000352,0,1,2,102720,0.0,0.0,205440.0,,,,,
15557,1992-01-30,964,F,1-URGENT,Clerk#000000287,0,1,2,87359,0.0,0.0,174718.0,,,,,
30949,1992-01-31,1075,F,1-URGENT,Clerk#000000776,0,1,0,154928,0.0,0.0,309856.0,,,,,
47395,1992-01-31,782,F,5-LOW,Clerk#000000663,0,1,0,116249,0.0,0.0,232498.0,,,,,
57346,1992-01-31,1498,F,2-HIGH,Clerk#000000344,0,1,1,52178,0.0,0.0,104356.0,,,,,
47687,1992-01-31,934,F,1-URGENT,Clerk#000000890,0,1,1,126983,0.0,0.0,253966.0,,,,,
41510,1992-01-31,616,F,4-NOT SPECIFIED,Clerk#000000458,0,1,0,21203,0.0,0.0,42406.0,,,,,
53795,1992-01-31,733,F,2-HIGH,Clerk#000000769,0,1,4,170214,0.0,0.0,340428.0,,,,,
9925,1992-01-31,52,F,1-URGENT,Clerk#000000751,0,1,2,308048,0.0,0.0,616096.0,Customer#000000052,7 QOqGqqSy9jfV51BC71jcHJSD0,IRAQ,MIDDLE EAST,21-186-284-5998
44167,1992-01-31,323,F,1-URGENT,Clerk#000000078,0,1,3,223033,0.0,0.0,446066.0,Customer#000000323,"ZLnVZ CXRi2,QDrlo",CHINA,ASIA,28-347-223-6024
20003,1992-01-31,1162,F,3-MEDIUM,Clerk#000000074,0,1,4,186245,0.0,0.0,372490.0,,,,,
9253,1992-01-31,818,F,1-URGENT,Clerk#000000307,0,1,2,261507,0.0,0.0,523014.0,,,,,
57280,1992-02-01,1304,F,3-MEDIUM,Clerk#000000106,0,1,2,133240,0.0,0.0,266480.0,,,,,
20256,1992-02-01,490,F,5-LOW,Clerk#000000649,0,1,0,55674,0.0,0.0,111348.0,Customer#000000490," 66fG3Fyb946cVQsH9Z3VMNzR,yfHMKIEB",RUSSIA,EUROPE,32-268-147-7824
12644,1992-02-01,1159,F,2-HIGH,Clerk#000000394,0,1,1,149812,0.0,0.0,299624.0,,,,,
30113,1992-02-01,115,F,5-LOW,Clerk#000000894,0,1,0,30128,0.0,0.0,60256.0,Customer#000000115,0WFt1IXENmUT2BgbsB0ShVKJZt0HCBCbFl0aHc,INDIA,ASIA,18-971-699-1843
50468,1992-02-01,547,F,1-URGENT,Clerk#000000573,0,1,1,58032,0.0,0.0,116064.0,,,,,
41312,1992-02-01,1004,F,4-NOT SPECIFIED,Clerk#000000415,0,1,5,204624,0.0,0.0,409248.0,,,,,
54020,1992-02-01,292,F,5-LOW,Clerk#000000257,0,1,4,109540,0.0,0.0,219080.0,Customer#000000292,hCXh3vxC4uje9,IRAQ,MIDDLE EAST,21-457-910-2923
20417,1992-02-02,991,F,4-NOT SPECIFIED,Clerk#000000809,0,1,1,55719,0.0,0.0,111438.0,,,,,
58113,1992-02-02,371,F,2-HIGH,Clerk#000000245,0,1,3,199065,0.0,0.0,398130.0,Customer#000000371,dnxjCYwhuSHx 9KX38nV0R16fG,RUSSIA,EUROPE,32-119-346-2028
34470,1992-02-02,247,F,1-URGENT,Clerk#000000361,0,1,3,147292,0.0,0.0,294584.0,Customer#000000247,N8q4W4QQG2mHY47Dg6,SAUDI ARABIA,MIDDLE EAST,30-151-905-3513
6757,1992-02-02,952,F,3-MEDIUM,Clerk#000000228,0,1,2,272309,0.0,0.0,544618.0,,,,,
50148,1992-02-02,1192,F,3-MEDIUM,Clerk#000000110,0,1,1,168568,0.0,0.0,337136.0,,,,,
46788,1992-02-02,898,F,5-LOW,Clerk#000000025,0,1,2,109696,0.0,0.0,219392.0,,,,,
34912,1992-02-03,1472,F,5-LOW,Clerk#000000976,0,1,0,28148,0.0,0.0,56296.0,,,,,
22916,1992-02-03,460,F,3-MEDIUM,Clerk#000000822,0,1,1,20302,0.0,0.0,40604.0,Customer#000000460,"Gbx5Hnw,ctlI7",IRAQ,MIDDLE EAST,21-643-955-6555
8832,1992-02-03,511,F,5-LOW,Clerk#000000399,0,1,1,127389,0.0,0.0,254778.0,,,,,
41345,1992-02-03,1306,F,3-MEDIUM,Clerk#000000679,0,1,3,217797,0.0,0.0,435594.0,,,,,
57539,1992-02-03,1118,F,5-LOW,Clerk#000000941,0,1,2,65975,0.0,0.0,131950.0,,,,,
39813,1992-02-03,1120,F,1-URGENT,Clerk#000000169,0,1,1,101859,0.0,0.0,203718.0,,,,,
32513,1992-02-03,829,F,5-LOW,Clerk#000000740,0,1,2,116391,0.0,0.0,232782.0,,,,,
15943,1992-02-03,188,F,1-URGENT,Clerk#000000764,0,1,2,80547,0.0,0.0,161094.0,Customer#000000188,58Srs6gEEoD3ZfwgXDM1OayRiaSY6K9YsveWwV,ETHIOPIA,AFRICA,15-613-528-7811
8067,1992-02-04,49,F,2-HIGH,Clerk#000000485,0,1,1,99183,0.0,0.0,198366.0,Customer#000000049,"cNgAeX7Fqrdf7HQN9EwjUa4nxT,68L FKAxzl",IRAN,MIDDLE EAST,20-908-631-4424
40100,1992-02-05,1060,F,5-LOW,Clerk#000000055,0,1,4,268059,0.0,0.0,536118.0,,,,,
38597,1992-02-05,416,F,1-URGENT,Clerk#000000417,0,1,5,183704,0.0,0.0,367408.0,Customer#000000416,fm7H7k6sYhKfXttOT,JAPAN,ASIA,22-651-146-4780
16996,1992-02-05,1142,F,5-LOW,Clerk#000000108,0,1,0,137082,0.0,0.0,274164.0,,,,,
7072,1992-02-05,1105,F,1-URGENT,Clerk#000000061,0,1,1,72161,0.0,0.0,144322.0,,,,,
40098,1992-02-06,241,F,5-LOW,Clerk#000000626,0,1,3,211553,0.0,0.0,423106.0,Customer#000000241,"FBuwHkPR450PvnZnAezcaeMaS,hX3Ifdk",INDONESIA,ASIA,19-344-614-2207
34083,1992-02-06,886,F,4-NOT SPECIFIED,Clerk#000000165,0,1,4,205905,0.0,0.0,411810.0,,,,,
21537,1992-02-06,857,F,1-URGENT,Clerk#000000924,0,1,2,62391,0.0,0.0,124782.0,,,,,
50567,1992-02-06,865,F,3-MEDIUM,Clerk#000000156,0,1,1,154934,0.0,0.0,309868.0,,,,,
56422,1992-02-06,115,F,3-MEDIUM,Clerk#000000959,0,1,2,198042,0.0,0.0,396084.0,Customer#000000115,0WFt1IXENmUT2BgbsB0ShVKJZt0HCBCbFl0aHc,INDIA,ASIA,18-971-699-1843
17635,1992-02-06,614,F,4-NOT SPECIFIED,Clerk#000000145,0,1,5,321868,0.0,0.0,643736.0,,,,,
16548,1992-02-06,10,F,4-NOT SPECIFIED,Clerk#000000851,0,1,2,158246,0.0,0.0,316492.0,Customer#000000010,6LrEaV6KR6PLVcgl2ArL Q3rqzLzcT1 v2,ETHIOPIA,AFRICA,15-741-346-9870
44608,1992-02-06,239,F,1-URGENT,Clerk#000000181,0,1,6,278884,0.0,0.0,557768.0,Customer#000000239,w8eRmMOmUTjVOkucbfcGDh2AqCixTOC,INDONESIA,ASIA,19-699-117-6988
50240,1992-02-07,589,F,4-NOT SPECIFIED,Clerk#000000202,0,1,1,23464,0.0,0.0,46928.0,,,,,
2755,1992-02-07,1177,F,4-NOT SPECIFIED,Clerk#000000177,0,1,3,135816,0.0,0.0,271632.0,,,,,
24448,1992-02-07,1367,F,2-HIGH,Clerk#000000896,0,1,1,180114,0.0,0.0,360228.0,,,,,
31525,1992-02-07,239,F,2-HIGH,Clerk#000000715,0,1,1,8989,0.0,0.0,17978.0,Customer#000000239,w8eRmMOmUTjVOkucbfcGDh2AqCixTOC,INDONESIA,ASIA,19-699-117-6988
16866,1992-02-07,1183,F,4-NOT SPECIFIED,Clerk#000000600,0,1,2,74777,0.0,0.0,149554.0,,,,,
48102,1992-02-07,1072,F,2-HIGH,Clerk#000000288,0,1,2,41533,0.0,0.0,83066.0,,,,,
33603,1992-02-07,40,F,1-URGENT,Clerk#000000019,0,1,1,40048,0.0,0.0,80096.0,Customer#000000040,gOnGWAyhSV1ofv,CANADA,AMERICA,13-652-915-8939
37444,1992-02-07,850,F,3-MEDIUM,Clerk#000000186,0,1,2,90291,0.0,0.0,180582.0,,,,,
58978,1992-02-07,1219,F,5-LOW,Clerk#000000670,0,1,3,185368,0.0,0.0,370736.0,,,,,
8224,1992-02-08,37,F,4-NOT SPECIFIED,Clerk#000000811,0,1,1,130757,0.0,0.0,261514.0,Customer#000000037,"7EV4Pwh,3SboctTWt",INDIA,ASIA,18-385-235-7162
50822,1992-02-08,1418,F,3-MEDIUM,Clerk#000000774,0,1,5,265745,0.0,0.0,531490.0,,,,,
11683,1992-02-08,209,F,4-NOT SPECIFIED,Clerk#000000583,0,1,3,185377,0.0,0.0,370754.0,Customer#000000209,iBvmxOZV3qXMYQW3W4Oo7YFhdV,MOZAMBIQUE,AFRICA,26-207-121-7721
27909,1992-02-08,382,F,1-URGENT,Clerk#000000301,0,1,4,173990,0.0,0.0,347980.0,Customer#000000382,"UdgAMamK5JnSykA,ZPfR5W5zRFatDUye",INDIA,ASIA,18-942-650-6657
51397,1992-02-08,1420,F,4-NOT SPECIFIED,Clerk#000000282,0,1,0,27993,0.0,0.0,55986.0,,,,,
16580,1992-02-08,238,F,1-URGENT,Clerk#000000982,0,1,2,291550,0.0,0.0,583100.0,Customer#000000238,tE0lVKK3tz5AG2 Hal2XHwE485g5MX7,MOZAMBIQUE,AFRICA,26-307-925-1236
34117,1992-02-08,1259,F,2-HIGH,Clerk#000000900,0,1,4,294430,0.0,0.0,588860.0,,,,,
28390,1992-02-08,1045,F,2-HIGH,Clerk#000000496,0,1,3,133123,0.0,0.0,266246.0,,,,,
27109,1992-02-09,307,F,1-URGENT,Clerk#000000412,0,1,1,80450,0.0,0.0,160900.0,Customer#000000307,xvkJ13gs7GH,JORDAN,MIDDLE EAST,23-836-934-5394
28198,1992-02-09,172,F,3-MEDIUM,Clerk#000000665,0,1,2,181821,0.0,0.0,363642.0,Customer#000000172,KwgdKUL1G2WacsMNF50yX,RUSSIA,EUROPE,32-178-964-1847
43906,1992-02-09,853,F,2-HIGH,Clerk#000000167,0,1,2,159296,0.0,0.0,318592.0,,,,,
27557,1992-02-09,190,F,5-LOW,Clerk#000000559,0,1,4,262559,0.0,0.0,525118.0,Customer#000000190,"F2X,GhSqLz8k u0gWsirsraFaEDEo6vIGtOTaO1T",IRAQ,MIDDLE EAST,21-730-373-8193
37763,1992-02-09,1460,F,4-NOT SPECIFIED,Clerk#000000782,0,1,0,120886,0.0,0.0,241772.0,,,,,
23140,1992-02-09,424,F,2-HIGH,Clerk#000000761,0,1,4,282818,0.0,0.0,565636.0,Customer#000000424,"i4cf3kmRE9IJr,cu,1",ROMANIA,EUROPE,29-891-311-6778
52544,1992-02-10,1114,F,4-NOT SPECIFIED,Clerk#000000898,0,1,1,114849,0.0,0.0,229698.0,,,,,
51111,1992-02-10,247,F,4-NOT SPECIFIED,Clerk#000000982,0,1,2,106059,0.0,0.0,212118.0,Customer#000000247,N8q4W4QQG2mHY47Dg6,SAUDI ARABIA,MIDDLE EAST,30-151-905-3513
11239,1992-02-10,475,F,1-URGENT,Clerk#000000240,0,1,4,308627,0.0,0.0,617254.0,Customer#000000475,JJMbj6myLUzMlbUmg63hNtFv4pWL8nq,KENYA,AFRICA,24-485-422-9361
4162,1992-02-10,212,F,5-LOW,Clerk#000000179,0,1,1,125525,0.0,0.0,251050.0,Customer#000000212,19U0iZ3GtDdrsn,GERMANY,EUROPE,17-382-405-4333
29507,1992-02-10,265,F,5-LOW,Clerk#000000811,0,1,2,160994,0.0,0.0,321988.0,Customer#000000265,"sthiqpj6CPAKbD7BBSz9ulRuF9d,ebfaiTc",PERU,AMERICA,27-716-734-2046
43744,1992-02-11,706,F,4-NOT SPECIFIED,Clerk#000000652,0,1,1,32886,0.0,0.0,65772.0,,,,,
30599,1992-02-11,517,F,4-NOT SPECIFIED,Clerk#000000957,0,1,1,52846,0.0,0.0,105692.0,,,,,
48967,1992-02-11,718,F,3-MEDIUM,Clerk#000000370,0,1,0,32760,0.0,0.0,65520.0,,,,,
35492,1992-02-11,1237,F,3-MEDIUM,Clerk#000000046,0,1,4,228179,0.0,0.0,456358.0,,,,,
50784,1992-02-11,1231,F,2-HIGH,Clerk#000000445,0,1,1,17269,0.0,0.0,34538.0,,,,,
10917,1992-02-11,251,F,1-URGENT,Clerk#000000078,0,1,1,130613,0.0,0.0,261226.0,Customer#000000251,Z9fdQmv07C3k hxwt9nchhuQiqC4wox85se8EW7L,JORDAN,MIDDLE EAST,23-975-623-5949
33414,1992-02-11,1282,F,4-NOT SPECIFIED,Clerk#000000099,0,1,2,129674,0.0,0.0,259348.0,,,,,
54981,1992-02-12,679,F,2-HIGH,Clerk#000000573,0,1,1,112682,0.0,0.0,225364.0,,,,,
8007,1992-02-12,238,F,5-LOW,Clerk#000000407,0,1,3,238521,0.0,0.0,477042.0,Customer#000000238,tE0lVKK3tz5AG2 Hal2XHwE485g5MX7,MOZAMBIQUE,AFRICA,26-307-925-1236
13157,1992-02-12,656,F,3-MEDIUM,Clerk#000000655,0,1,5,276120,0.0,0.0,552240.0,,,,,
56514,1992-02-12,655,F,5-LOW,Clerk#000000103,0,1,4,219828,0.0,0.0,439656.0,,,,,
17093,1992-02-12,232,F,4-NOT SPECIFIED,Clerk#000000236,0,1,1,122922,0.0,0.0,245844.0,Customer#000000232,"oA9o,3YOXu2rzKONdd,cxpqCFXUv5kuxBYKp",RUSSIA,EUROPE,32-283-563-2674
18500,1992-02-12,88,F,3-MEDIUM,Clerk#000000084,0,1,2,175998,0.0,0.0,351996.0,Customer#000000088,wtkjBN9eyrFuENSMmMFlJ3e7jE5KXcg,MOZAMBIQUE,AFRICA,26-516-273-2566
14625,1992-02-12,1075,F,1-URGENT,Clerk#000000491,0,1,0,2020,0.0,0.0,4040.0,,,,,
10593,1992-02-13,1123,F,2-HIGH,Clerk#000000573,0,1,3,160996,0.0,0.0,321992.0,,,,,
26151,1992-02-13,1288,F,4-NOT SPECIFIED,Clerk#000000519,0,1,3,188684,0.0,0.0,377368.0,,,,,
38661,1992-02-13,1499,F,2-HIGH,Clerk#000000572,0,1,2,268116,0.0,0.0,536232.0,,,,,
4199,1992-02-13,41,F,1-URGENT,Clerk#000000309,0,1,0,43366,0.0,0.0,86732.0,Customer#000000041,IM9mzmyoxeBmvNw8lA7G3Ydska2nkZF,IRAN,MIDDLE EAST,20-917-711-4011
14272,1992-02-13,1348,F,3-MEDIUM,Clerk#000000075,0,1,1,101818,0.0,0.0,203636.0,,,,,
58019,1992-02-14,1268,F,4-NOT SPECIFIED,Clerk#000000424,0,1,1,37717,0.0,0.0,75434.0,,,,,
13700,1992-02-14,1063,F,1-URGENT,Clerk#000000801,0,1,1,19820,0.0,0.0,39640.0,,,,,
40772,1992-02-14,361,F,1-URGENT,Clerk#000000712,0,1,3,157001,0.0,0.0,314002.0,Customer#000000361,l0F8jMJVe63cb,SAUDI ARABIA,MIDDLE EAST,30-164-267-4590
8772,1992-02-14,283,F,1-URGENT,Clerk#000000294,0,1,0,13146,0.0,0.0,26292.0,Customer#000000283,jysHDuTKUKYEjdBhtI LqTttTp 7i2kvx1 O3A,GERMANY,EUROPE,17-111-303-1282
34211,1992-02-14,965,F,4-NOT SPECIFIED,Clerk#000000239,0,1,3,117393,0.0,0.0,234786.0,,,,,
33507,1992-02-14,154,F,5-LOW,Clerk#000000113,0,1,1,138703,0.0,0.0,277406.0,Customer#000000154,2LAlU fDHkOqbXjHHDqw1mJQNC,ROMANIA,EUROPE,29-522-835-6914
33184,1992-02-14,800,F,4-NOT SPECIFIED,Clerk#000000078,0,1,3,63641,0.0,0.0,127282.0,,,,,
31168,1992-02-14,1009,F,1-URGENT,Clerk#000000199,0,1,2,146642,0.0,0.0,293284.0,,,,,
38500,1992-02-14,989,F,1-URGENT,Clerk#000000882,0,1,0,81690,0.0,0.0,163380.0,,,,,
54053,1992-02-15,686,F,2-HIGH,Clerk#000000491,0,1,5,303524,0.0,0.0,607048.0,,,,,
43203,1992-02-15,1201,F,4-NOT SPECIFIED,Clerk#000000573,0,1,1,179483,0.0,0.0,358966.0,,,,,
1537,1992-02-15,1076,F,4-NOT SPECIFIED,Clerk#000000862,0,1,3,151567,0.0,0.0,303134.0,,,,,
11267,1992-02-15,548,F,5-LOW,Clerk#000000096,0,1,1,45544,0.0,0.0,91088.0,,,,,
1154,1992-02-15,352,F,1-URGENT,Clerk#000000268,0,1,0,266355,0.0,0.0,532710.0,Customer#000000352,HqhIE5GRTK0dFtWpJUQENU4aa1bwdsUBEWtzUw,INDONESIA,ASIA,19-906-158-8420
20962,1992-02-15,457,F,3-MEDIUM,Clerk#000000990,0,1,2,271882,0.0,0.0,543764.0,Customer#000000457,eaAWe Vqr0x17Uwj1uzQRb wQpXxZVDWS3Wg,SAUDI ARABIA,MIDDLE EAST,30-543-684-2857
55717,1992-02-15,1111,F,3-MEDIUM,Clerk#000000692,0,1,1,22891,0.0,0.0,45782.0,,,,,
29473,1992-02-16,1469,F,3-MEDIUM,Clerk#000000514,0,1,2,223630,0.0,0.0,447260.0,,,,,
32292,1992-02-16,571,F,5-LOW,Clerk#000000397,0,1,3,258893,0.0,0.0,517786.0,,,,,
54371,1992-02-16,661,F,4-NOT SPECIFIED,Clerk#000000941,0,1,3,103574,0.0,0.0,207148.0,,,,,
35846,1992-02-16,200,F,3-MEDIUM,Clerk#000000046,0,1,1,68983,0.0,0.0,137966.0,Customer#000000200,x1 H5c66DUgH2pgNTJhw6eZKgrAz,MOZAMBIQUE,AFRICA,26-472-302-4189
7587,1992-02-16,227,F,5-LOW,Clerk#000000290,0,1,0,29720,0.0,0.0,59440.0,Customer#000000227,7wlpEBswtXBPNODASgCUt8OZQ,JORDAN,MIDDLE EAST,23-951-816-2439
38052,1992-02-16,602,F,5-LOW,Clerk#000000554,0,1,1,31564,0.0,0.0,63128.0,,,,,
56354,1992-02-17,1255,F,4-NOT SPECIFIED,Clerk#000000694,0,1,1,54152,0.0,0.0,108304.0,,,,,
30694,1992-02-17,122,F,5-LOW,Clerk#000000963,0,1,1,20375,0.0,0.0,40750.0,Customer#000000122,yp5slqoNd26lAENZW3a67wSfXA6hTF,CANADA,AMERICA,13-702-694-4520
24487,1992-02-17,832,F,4-NOT SPECIFIED,Clerk#000000166,0,1,0,46511,0.0,0.0,93022.0,,,,,
25570,1992-02-17,391,F,1-URGENT,Clerk#000000231,0,1,2,114391,0.0,0.0,228782.0,Customer#000000391,q10SV05KB1038lzUR8P,IRAQ,MIDDLE EAST,21-604-451-4462
53159,1992-02-17,1307,F,2-HIGH,Clerk#000000179,0,1,4,189565,0.0,0.0,379130.0,,,,,
46017,1992-02-17,328,F,5-LOW,Clerk#000000809,0,1,4,156499,0.0,0.0,312998.0,Customer#000000328,9pu j2HoEf1uhiY3jxE9l9fCRfjoVU,ETHIOPIA,AFRICA,15-817-180-1487
17607,1992-02-17,1039,F,1-URGENT,Clerk#000000026,0,1,1,45847,0.0,0.0,91694.0,,,,,
14212,1992-02-17,806,F,1-URGENT,Clerk#000000384,0,1,3,202359,0.0,0.0,404718.0,,,,,
31106,1992-02-17,649,F,5-LOW,Clerk#000000154,0,1,3,283050,0.0,0.0,566100.0,,,,,
24775,1992-02-18,607,F,1-URGENT,Clerk#000000701,0,1,1,53587,0.0,0.0,107174.0,,,,,
40065,1992-02-18,337,F,2-HIGH,Clerk#000000060,0,1,2,244035,0.0,0.0,488070.0,Customer#000000337,EluRTlO4pE7u0XSKKyvKvVyt4sADWFRLZuiyn,ALGERIA,AFRICA,10-337-165-1106
801,1992-02-18,1178,F,1-URGENT,Clerk#000000186,0,1,2,186508,0.0,0.0,373016.0,,,,,
14240,1992-02-18,689,F,2-HIGH,Clerk#000000728,0,1,4,215286,0.0,0.0,430572.0,,,,,
4391,1992-02-18,379,F,2-HIGH,Clerk#000000880,0,1,2,81246,0.0,0.0,162492.0,Customer#000000379,"t3QzCf,q1NbshmjOIUY",GERMANY,EUROPE,17-228-550-9246
41830,1992-02-18,1303,F,5-LOW,Clerk#000000470,0,1,1,188549,0.0,0.0,377098.0,,,,,
57668,1992-02-18,431,F,1-URGENT,Clerk#000000391,0,1,1,49896,0.0,0.0,99792.0,Customer#000000431,RNfSXbUJkgUlBBPn,FRANCE,EUROPE,16-326-904-6643
40067,1992-02-18,1462,F,5-LOW,Clerk#000000372,0,1,3,116672,0.0,0.0,233344.0,,,,,
40673,1992-02-18,325,F,5-LOW,Clerk#000000682,0,1,5,229824,0.0,0.0,459648.0,Customer#000000325,Z I43vl3ta3iYmjXNaSM d6Pe24ibjhdvPSi,MOROCCO,AFRICA,25-823-702-9630
52003,1992-02-19,1064,F,5-LOW,Clerk#000000448,0,1,1,42141,0.0,0.0,84282.0,,,,,
37445,1992-02-19,472,F,2-HIGH,Clerk#000000396,0,1,1,158904,0.0,0.0,317808.0,Customer#000000472,hWgfnsmTAEOx9Mqp87YwztGrgLLqNkjMPh4,JAPAN,ASIA,22-940-478-1933
42789,1992-02-19,904,F,1-URGENT,Clerk#000000516,0,1,0,30346,0.0,0.0,60692.0,,,,,
12418,1992-02-19,1300,F,4-NOT SPECIFIED,Clerk#000000547,0,1,1,125789,0.0,0.0,251578.0,,,,,
32192,1992-02-19,334,F,4-NOT SPECIFIED,Clerk#000000344,0,1,6,194155,0.0,0.0,388310.0,Customer#000000334,OPN1N7t4aQ23TnCpc,EGYPT,MIDDLE EAST,14-947-291-5002
37123,1992-02-19,32,F,2-HIGH,Clerk#000000090,0,1,3,135120,0.0,0.0,270240.0,Customer#000000032,"jD2xZzi UmId,DCtNBLXKj9q0Tlp2iQ6ZcO3J",MOROCCO,AFRICA,25-430-914-2194
4035,1992-02-19,1165,F,5-LOW,Clerk#000000097,0,1,3,35850,0.0,0.0,71700.0,,,,,
42115,1992-02-19,323,F,1-URGENT,Clerk#000000867,0,1,3,207998,0.0,0.0,415996.0,Customer#000000323,"ZLnVZ CXRi2,QDrlo",CHINA,ASIA,28-347-223-6024
59236,1992-02-19,928,F,1-URGENT,Clerk#000000304,0,1,1,27079,0.0,0.0,54158.0,,,,,
42624,1992-02-19,115,F,5-LOW,Clerk#000000806,0,1,2,191157,0.0,0.0,382314.0,Customer#000000115,0WFt1IXENmUT2BgbsB0ShVKJZt0HCBCbFl0aHc,INDIA,ASIA,18-971-699-1843
7299,1992-02-19,1369,F,1-URGENT,Clerk#000000065,0,1,1,98826,0.0,0.0,197652.0,,,,,
39075,1992-02-20,1345,F,4-NOT SPECIFIED,Clerk#000000243,0,1,3,178960,0.0,0.0,357920.0,,,,,
5860,1992-02-20,127,F,4-NOT SPECIFIED,Clerk#000000079,0,1,0,14025,0.0,0.0,28050.0,Customer#000000127,Xyge4DX2rXKxXyye1Z47LeLVEYMLf4Bfcj,VIETNAM,ASIA,31-101-672-2951
35905,1992-02-20,1204,F,5-LOW,Clerk#000000688,0,1,3,191788,0.0,0.0,383576.0,,,,,
1057,1992-02-20,760,F,1-URGENT,Clerk#000000124,0,1,3,181305,0.0,0.0,362610.0,,,,,
26309,1992-02-20,1367,F,5-LOW,Clerk#000000765,0,1,4,267138,0.0,0.0,534276.0,,,,,
12711,1992-02-20,85,F,1-URGENT,Clerk#000000326,0,1,0,83494,0.0,0.0,166988.0,Customer#000000085,siRerlDwiolhYR 8FgksoezycLj,ETHIOPIA,AFRICA,15-745-585-8219
44035,1992-02-21,1174,F,2-HIGH,Clerk#000000718,0,1,0,21950,0.0,0.0,43900.0,,,,,
25255,1992-02-21,490,F,1-URGENT,Clerk#000000356,0,1,3,145800,0.0,0.0,291600.0,Customer#000000490," 66fG3Fyb946cVQsH9Z3VMNzR,yfHMKIEB",RUSSIA,EUROPE,32-268-147-7824
20803,1992-02-21,52,F,1-URGENT,Clerk#000000378,0,1,2,65112,0.0,0.0,130224.0,Customer#000000052,7 QOqGqqSy9jfV51BC71jcHJSD0,IRAQ,MIDDLE EAST,21-186-284-5998
6,1992-02-21,557,F,4-NOT SPECIFIED,Clerk#000000058,0,1,0,48040,0.0,0.0,96080.0,,,,,
421,1992-02-22,392,F,5-LOW,Clerk#000000405,0,1,1,1232,0.0,0.0,2464.0,Customer#000000392,H7M6JObndO,PERU,AMERICA,27-601-793-2507
17602,1992-02-22,383,F,1-URGENT,Clerk#000000672,0,1,0,19461,0.0,0.0,38922.0,Customer#000000383,iBIHYgXvVDpu6qq7FlqXVcAIDAzv4qs,BRAZIL,AMERICA,12-868-920-9034
46466,1992-02-22,574,F,3-MEDIUM,Clerk#000000799,0,1,4,209759,0.0,0.0,419518.0,,,,,
58562,1992-02-22,1373,F,1-URGENT,Clerk#000000047,0,1,1,238899,0.0,0.0,477798.0,,,,,
17285,1992-02-22,577,F,4-NOT SPECIFIED,Clerk#000000019,0,1,0,95057,0.0,0.0,190114.0,,,,,
54690,1992-02-22,794,F,3-MEDIUM,Clerk#000000601,0,1,6,247302,0.0,0.0,494604.0,,,,,
57541,1992-02-23,631,F,4-NOT SPECIFIED,Clerk#000000859,0,1,0,30993,0.0,0.0,61986.0,,,,,
37797,1992-02-23,1240,F,3-MEDIUM,Clerk#000000580,0,1,1,137974,0.0,0.0,275948.0,,,,,
51239,1992-02-24,908,F,5-LOW,Clerk#000000253,0,1,0,140937,0.0,0.0,281874.0,,,,,
8388,1992-02-24,877,F,5-LOW,Clerk#000000930,0,1,3,246039,0.0,0.0,492078.0,,,,,
9281,1992-02-24,904,F,1-URGENT,Clerk#000000530,0,1,3,172325,0.0,0.0,344650.0,,,,,
40132,1992-02-24,665,F,5-LOW,Clerk#000000870,0,1,4,381965,0.0,0.0,763930.0,,,,,
41921,1992-02-24,1070,F,3-MEDIUM,Clerk#000000386,0,1,2,117655,0.0,0.0,235310.0,,,,,
35392,1992-02-24,1207,F,2-HIGH,Clerk#000000644,0,1,1,52339,0.0,0.0,104678.0,,,,,
19623,1992-02-24,214,F,1-URGENT,Clerk#000000530,0,1,3,265540,0.0,0.0,531080.0,Customer#000000214,MpCwhcLrbcIM7AeKS9tRM09by,INDIA,ASIA,18-180-678-6165
27171,1992-02-25,673,F,2-HIGH,Clerk#000000191,0,1,2,199394,0.0,0.0,398788.0,,,,,
11776,1992-02-25,386,F,5-LOW,Clerk#000000548,0,1,0,90165,0.0,0.0,180330.0,Customer#000000386,DeQxsCxixT8RQ7JV6mddRYGDGQ2WM94,UNITED STATES,AMERICA,34-193-143-1425
39873,1992-02-25,322,F,3-MEDIUM,Clerk#000000289,0,1,1,54447,0.0,0.0,108894.0,Customer#000000322,bWRyCyjH5OfGX,SAUDI ARABIA,MIDDLE EAST,30-660-202-7517
25314,1992-02-25,347,F,2-HIGH,Clerk#000000433,0,1,4,283902,0.0,0.0,567804.0,Customer#000000347,qRT7WRrnykLDfTc5Ei,ARGENTINA,AMERICA,11-519-832-9913
13668,1992-02-25,878,F,1-URGENT,Clerk#000000198,0,1,1,219262,0.0,0.0,438524.0,,,,,
6338,1992-02-25,1480,F,5-LOW,Clerk#000000413,0,1,3,130743,0.0,0.0,261486.0,,,,,
16455,1992-02-26,1385,F,5-LOW,Clerk#000000672,0,1,0,77235,0.0,0.0,154470.0,,,,,
38086,1992-02-26,959,F,5-LOW,Clerk#000000532,0,1,3,103121,0.0,0.0,206242.0,,,,,
25637,1992-02-26,305,F,4-NOT SPECIFIED,Clerk#000000841,0,1,1,154670,0.0,0.0,309340.0,Customer#000000305,"x8kcl,R4Wk",IRAQ,MIDDLE EAST,21-250-654-3339
31622,1992-02-26,757,F,4-NOT SPECIFIED,Clerk#000000505,0,1,1,79277,0.0,0.0,158554.0,,,,,
59075,1992-02-27,1115,F,5-LOW,Clerk#000000547,0,1,2,167725,0.0,0.0,335450.0,,,,,
37986,1992-02-27,638,F,1-URGENT,Clerk#000000857,0,1,3,123707,0.0,0.0,247414.0,,,,,
57157,1992-02-27,13,F,1-URGENT,Clerk#000000928,0,1,0,56743,0.0,0.0,113486.0,Customer#000000013,nsXQu0oVjD7PM659uC3SRSp,CANADA,AMERICA,13-761-547-5974
53221,1992-02-27,1432,F,4-NOT SPECIFIED,Clerk#000000234,0,1,4,266514,0.0,0.0,533028.0,,,,,
53026,1992-02-27,446,F,5-LOW,Clerk#000000564,0,1,2,135678,0.0,0.0,271356.0,Customer#000000446,"mJOJwYfch izLCuw70,qhlJSmH",UNITED STATES,AMERICA,34-321-168-5681
45536,1992-02-28,52,F,1-URGENT,Clerk#000000004,0,1,0,55522,0.0,0.0,111044.0,Customer#000000052,7 QOqGqqSy9jfV51BC71jcHJSD0,IRAQ,MIDDLE EAST,21-186-284-5998
49954,1992-02-28,997,F,1-URGENT,Clerk#000000792,0,1,2,108384,0.0,0.0,216768.0,,,,,
28998,1992-02-28,1025,F,2-HIGH,Clerk#000000580,0,1,1,2577,0.0,0.0,5154.0,,,,,
18950,1992-02-28,1190,F,5-LOW,Clerk#000000847,0,1,1,35320,0.0,0.0,70640.0,,,,,
7653,1992-02-28,1306,F,3-MEDIUM,Clerk#000000964,0,1,3,158713,0.0,0.0,317426.0,,,,,
50721,1992-02-29,1408,F,2-HIGH,Clerk#000000760,0,1,1,175560,0.0,0.0,351120.0,,,,,
1282,1992-02-29,1160,F,4-NOT SPECIFIED,Clerk#000000168,0,1,3,84337,0.0,0.0,168674.0,,,,,
48898,1992-02-29,664,F,4-NOT SPECIFIED,Clerk#000000544,0,1,1,58253,0.0,0.0,116506.0,,,,,
36257,1992-02-29,130,F,2-HIGH,Clerk#000000442,0,1,0,97601,0.0,0.0,195202.0,Customer#000000130,RKPx2OfZy0Vn 8wGWZ7F2EAvmMORl1k8iH,INDONESIA,ASIA,19-190-993-9281
48933,1992-02-29,1030,F,2-HIGH,Clerk#000000285,0,1,1,15197,0.0,0.0,30394.0,,,,,
50530,1992-02-29,268,F,5-LOW,Clerk#000000786,0,1,1,90436,0.0,0.0,180872.0,Customer#000000268,tkSLQoOpfOa601itad05EcN0UmhjZXdyKRc0r,CANADA,AMERICA,13-720-469-5207
56261,1992-02-29,1138,F,1-URGENT,Clerk#000000110,0,1,4,184203,0.0,0.0,368406.0,,,,,
19332,1992-02-29,1273,F,2-HIGH,Clerk#000000678,0,1,2,270188,0.0,0.0,540376.0,,,,,
56292,1992-03-01,1196,F,5-LOW,Clerk#000000176,0,1,2,273305,0.0,0.0,546610.0,,,,,
16740,1992-03-01,271,F,5-LOW,Clerk#000000031,0,1,2,96773,0.0,0.0,193546.0,Customer#000000271,"O,HceV3 XE77Yx",FRANCE,EUROPE,16-621-282-5689
59204,1992-03-01,713,F,3-MEDIUM,Clerk#000000152,0,1,1,212399,0.0,0.0,424798.0,,,,,
45219,1992-03-01,1003,F,5-LOW,Clerk#000000681,0,1,2,225136,0.0,0.0,450272.0,,,,,
6436,1992-03-02,1046,F,5-LOW,Clerk#000000858,0,1,1,17391,0.0,0.0,34782.0,,,,,
34405,1992-03-02,823,F,3-MEDIUM,Clerk#000000156,0,1,0,88338,0.0,0.0,176676.0,,,,,
56358,1992-03-02,20,F,4-NOT SPECIFIED,Clerk#000000129,0,1,1,51253,0.0,0.0,102506.0,Customer#000000020,JrPk8Pqplj4Ne,RUSSIA,EUROPE,32-957-234-8742
8035,1992-03-02,913,F,3-MEDIUM,Clerk#000000730,0,1,3,197276,0.0,0.0,394552.0,,,,,
33606,1992-03-02,653,F,2-HIGH,Clerk#000000086,0,1,1,30084,0.0,0.0,60168.0,,,,,
27045,1992-03-02,889,F,4-NOT SPECIFIED,Clerk#000000480,0,1,3,201925,0.0,0.0,403850.0,,,,,
45317,1992-03-02,1384,F,5-LOW,Clerk#000000843,0,1,3,193850,0.0,0.0,387700.0,,,,,
12739,1992-03-02,772,F,4-NOT SPECIFIED,Clerk#000000078,0,1,0,56699,0.0,0.0,113398.0,,,,,
6944,1992-03-03,685,F,5-LOW,Clerk#000000504,0,1,1,8937,0.0,0.0,17874.0,,,,,
384,1992-03-03,1132,F,5-LOW,Clerk#000000206,0,1,3,195260,0.0,0.0,390520.0,,,,,
47042,1992-03-03,1150,F,1-URGENT,Clerk#000000883,0,1,6,337976,0.0,0.0,675952.0,,,,,
58917,1992-03-03,515,F,2-HIGH,Clerk#000000922,0,1,2,93684,0.0,0.0,187368.0,,,,,
27392,1992-03-03,338,F,5-LOW,Clerk#000000129,0,1,1,242787,0.0,0.0,485574.0,Customer#000000338, aiYAeWgI0okGSJv7OgvKqMvPLhxF3blT8josX,UNITED KINGDOM,EUROPE,33-302-620-7535
13666,1992-03-03,445,F,4-NOT SPECIFIED,Clerk#000000031,0,1,2,59200,0.0,0.0,118400.0,Customer#000000445,MX1UA0KUJzIGyWM p2hbLg5dCpVLws8KNcwEsP,SAUDI ARABIA,MIDDLE EAST,30-849-846-6070
50564,1992-03-03,1493,F,2-HIGH,Clerk#000000277,0,1,3,123939,0.0,0.0,247878.0,,,,,
17088,1992-03-03,1189,F,3-MEDIUM,Clerk#000000571,0,1,1,19719,0.0,0.0,39438.0,,,,,
21478,1992-03-03,1061,F,5-LOW,Clerk#000000452,0,1,5,306541,0.0,0.0,613082.0,,,,,
56967,1992-03-03,388,F,5-LOW,Clerk#000000954,0,1,2,163797,0.0,0.0,327594.0,Customer#000000388,dV4lqEufXkF8R,GERMANY,EUROPE,17-856-814-6352
32902,1992-03-04,1453,F,2-HIGH,Clerk#000000261,0,1,4,172792,0.0,0.0,345584.0,,,,,
41666,1992-03-04,661,F,3-MEDIUM,Clerk#000000177,0,1,3,214038,0.0,0.0,428076.0,,,,,
25767,1992-03-04,538,F,2-HIGH,Clerk#000000539,0,1,5,230998,0.0,0.0,461996.0,,,,,
43296,1992-03-04,46,F,3-MEDIUM,Clerk#000000992,0,1,0,36625,0.0,0.0,73250.0,Customer#000000046,eaTXWWm10L9,FRANCE,EUROPE,16-357-681-2007
35968,1992-03-04,718,F,4-NOT SPECIFIED,Clerk#000000987,0,1,3,247150,0.0,0.0,494300.0,,,,,
4230,1992-03-04,1396,F,1-URGENT,Clerk#000000364,0,1,3,317569,0.0,0.0,635138.0,,,,,
51489,1992-03-04,364,F,1-URGENT,Clerk#000000980,0,1,2,220170,0.0,0.0,440340.0,Customer#000000364,"SQ3b5Q5OtrmmZjJ87tq,o1TiXKVJQ0M7ZOuud",UNITED KINGDOM,EUROPE,33-492-647-4972
48322,1992-03-05,881,F,3-MEDIUM,Clerk#000000268,0,1,1,35851,0.0,0.0,71702.0,,,,,
51559,1992-03-05,580,F,5-LOW,Clerk#000000588,0,1,2,181274,0.0,0.0,362548.0,,,,,
44199,1992-03-05,1402,F,5-LOW,Clerk#000000371,0,1,2,167074,0.0,0.0,334148.0,,,,,
46404,1992-03-05,1459,F,1-URGENT,Clerk#000000495,0,1,3,113060,0.0,0.0,226120.0,,,,,
1925,1992-03-05,167,F,1-URGENT,Clerk#000000986,0,1,3,193001,0.0,0.0,386002.0,Customer#000000167,QNc2eOlRIzL6jpthwgDuB866uCIUPiOX,ETHIOPIA,AFRICA,15-288-395-5501
34563,1992-03-05,665,F,4-NOT SPECIFIED,Clerk#000000627,0,1,2,197656,0.0,0.0,395312.0,,,,,
37188,1992-03-05,1396,F,1-URGENT,Clerk#000000619,0,1,3,141054,0.0,0.0,282108.0,,,,,
2240,1992-03-06,554,F,4-NOT SPECIFIED,Clerk#000000622,0,1,3,264598,0.0,0.0,529196.0,,,,,
44966,1992-03-06,298,F,4-NOT SPECIFIED,Clerk#000000487,0,1,3,75469,0.0,0.0,150938.0,Customer#000000298,"jFKF3w 8aegECg7mP,qtuR9IsTSYQlEXq",VIETNAM,ASIA,31-542-157-4074
15173,1992-03-06,598,F,2-HIGH,Clerk#000000610,0,1,3,213278,0.0,0.0,426556.0,,,,,
24677,1992-03-06,101,F,5-LOW,Clerk#000000139,0,1,0,46050,0.0,0.0,92100.0,Customer#000000101,sMmL2rNeHDltovSm Y,BRAZIL,AMERICA,12-514-298-3699
42437,1992-03-06,181,F,1-URGENT,Clerk#000000280,0,1,1,11089,0.0,0.0,22178.0,Customer#000000181,YNviWd WrRkZvSw1OxIewBq,INDONESIA,ASIA,19-653-305-8440
51876,1992-03-07,353,F,1-URGENT,Clerk#000000193,0,1,0,8402,0.0,0.0,16804.0,Customer#000000353,eftGCmL4b5rAKdvUe9biJXzAH,IRAN,MIDDLE EAST,20-733-644-2244
45415,1992-03-07,28,F,1-URGENT,Clerk#000000675,0,1,1,35417,0.0,0.0,70834.0,Customer#000000028,"iVyg0daQ,Tha8x2WPWA9m2529m",INDIA,ASIA,18-774-241-1462
15492,1992-03-07,985,F,1-URGENT,Clerk#000000961,0,1,1,63812,0.0,0.0,127624.0,,,,,
15044,1992-03-07,1106,F,5-LOW,Clerk#000000743,0,1,0,74654,0.0,0.0,149308.0,,,,,
36612,1992-03-07,721,F,1-URGENT,Clerk#000000953,0,1,1,142134,0.0,0.0,284268.0,,,,,
4483,1992-03-07,505,F,3-MEDIUM,Clerk#000000615,0,1,2,155651,0.0,0.0,311302.0,,,,,
13991,1992-03-07,1204,F,2-HIGH,Clerk#000000245,0,1,2,263262,0.0,0.0,526524.0,,,,,
34276,1992-03-07,568,F,1-URGENT,Clerk#000000085,0,1,0,60391,0.0,0.0,120782.0,,,,,
10598,1992-03-08,461,F,4-NOT SPECIFIED,Clerk#000000682,0,1,1,18980,0.0,0.0,37960.0,Customer#000000461,5vxNLzSASzkbrUr8CRf5,VIETNAM,ASIA,31-533-226-4307
52645,1992-03-08,316,F,5-LOW,Clerk#000000971,0,1,3,233197,0.0,0.0,466394.0,Customer#000000316,zE dN3aqjaG,INDIA,ASIA,18-171-394-5011
21543,1992-03-08,262,F,2-HIGH,Clerk#000000247,0,1,3,170256,0.0,0.0,340512.0,Customer#000000262,DcUOAFBxMu8oGKvIqbDx7xgeZ,EGYPT,MIDDLE EAST,14-698-169-5201
55651,1992-03-08,217,F,3-MEDIUM,Clerk#000000573,0,1,5,339294,0.0,0.0,678588.0,Customer#000000217,YIy05RMdthrXqdfnNKud,UNITED KINGDOM,EUROPE,33-159-298-3849
59586,1992-03-08,1111,F,5-LOW,Clerk#000000410,0,1,3,228055,0.0,0.0,456110.0,,,,,
57473,1992-03-08,1204,F,5-LOW,Clerk#000000752,0,1,0,37966,0.0,0.0,75932.0,,,,,
31523,1992-03-09,625,F,5-LOW,Clerk#000000620,0,1,2,107067,0.0,0.0,214134.0,,,,,
49602,1992-03-09,1427,F,4-NOT SPECIFIED,Clerk#000000412,0,1,3,237894,0.0,0.0,475788.0,,,,,
51620,1992-03-09,835,F,3-MEDIUM,Clerk#000000526,0,1,4,294596,0.0,0.0,589192.0,,,,,
5574,1992-03-10,268,F,4-NOT SPECIFIED,Clerk#000000002,0,1,2,194250,0.0,0.0,388500.0,Customer#000000268,tkSLQoOpfOa601itad05EcN0UmhjZXdyKRc0r,CANADA,AMERICA,13-720-469-5207
22085,1992-03-10,116,F,5-LOW,Clerk#000000588,0,1,2,153013,0.0,0.0,306026.0,Customer#000000116,"yCuVxIgsZ3,qyK2rloThy3u",MOZAMBIQUE,AFRICA,26-632-309-5792
42471,1992-03-10,683,F,5-LOW,Clerk#000000167,0,1,1,299159,0.0,0.0,598318.0,,,,,
44903,1992-03-10,41,F,5-LOW,Clerk#000000522,0,1,4,225580,0.0,0.0,451160.0,Customer#000000041,IM9mzmyoxeBmvNw8lA7G3Ydska2nkZF,IRAN,MIDDLE EAST,20-917-711-4011
2848,1992-03-10,689,F,1-URGENT,Clerk#000000256,0,1,2,162830,0.0,0.0,325660.0,,,,,
24707,1992-03-11,1421,F,3-MEDIUM,Clerk#000000878,0,1,1,124508,0.0,0.0,249016.0,,,,,
7174,1992-03-11,1288,F,4-NOT SPECIFIED,Clerk#000000619,0,1,2,84003,0.0,0.0,168006.0,,,,,
20645,1992-03-11,601,F,5-LOW,Clerk#000000073,0,1,1,18704,0.0,0.0,37408.0,,,,,
55779,1992-03-11,497,F,1-URGENT,Clerk#000000329,0,1,4,124346,0.0,0.0,248692.0,Customer#000000497,0 qRRXAxUbo1J KDwDMjFde5fXDwn ,UNITED KINGDOM,EUROPE,33-937-724-3506
16804,1992-03-11,1301,F,2-HIGH,Clerk#000000497,0,1,2,109789,0.0,0.0,219578.0,,,,,
51237,1992-03-11,301,F,3-MEDIUM,Clerk#000000707,0,1,0,47052,0.0,0.0,94104.0,Customer#000000301,FtFq9Cgg5UAzUL,GERMANY,EUROPE,17-265-345-9265
53156,1992-03-11,65,F,4-NOT SPECIFIED,Clerk#000000984,0,1,1,70919,0.0,0.0,141838.0,Customer#000000065,"RGT yzQ0y4l0H90P783LG4U95bXQFDRXbWa1sl,X",UNITED KINGDOM,EUROPE,33-733-623-5267
46631,1992-03-12,1066,F,4-NOT SPECIFIED,Clerk#000000599,0,1,2,250822,0.0,0.0,501644.0,,,,,
2912,1992-03-12,922,F,5-LOW,Clerk#000000186,0,1,1,27779,0.0,0.0,55558.0,,,,,
42243,1992-03-12,487,F,3-MEDIUM,Clerk#000000101,0,1,3,110349,0.0,0.0,220698.0,Customer#000000487,"oTc,l9dAf8O0qOOMP4P0WFTuGS",BRAZIL,AMERICA,12-111-401-4259
31269,1992-03-12,742,F,2-HIGH,Clerk#000000177,0,1,1,67140,0.0,0.0,134280.0,,,,,
23584,1992-03-13,1135,F,1-URGENT,Clerk#000000880,0,1,1,145032,0.0,0.0,290064.0,,,,,
43937,1992-03-13,1057,F,4-NOT SPECIFIED,Clerk#000000222,0,1,1,65620,0.0,0.0,131240.0,,,,,
32067,1992-03-13,890,F,2-HIGH,Clerk#000000304,0,1,2,227904,0.0,0.0,455808.0,,,,,
17152,1992-03-13,866,F,2-HIGH,Clerk#000000076,0,1,2,170378,0.0,0.0,340756.0,,,,,
44099,1992-03-13,569,F,3-MEDIUM,Clerk#000000297,0,1,4,165510,0.0,0.0,331020.0,,,,,
38465,1992-03-13,1045,F,3-MEDIUM,Clerk#000000708,0,1,1,58638,0.0,0.0,117276.0,,,,,
29607,1992-03-14,496,F,3-MEDIUM,Clerk#000000707,0,1,3,125797,0.0,0.0,251594.0,Customer#000000496,Y8oYLlHme6Z4fEzkTu,JAPAN,ASIA,22-173-644-7922
37605,1992-03-14,1160,F,1-URGENT,Clerk#000000863,0,1,3,167721,0.0,0.0,335442.0,,,,,
48387,1992-03-14,1360,F,2-HIGH,Clerk#000000819,0,1,2,271614,0.0,0.0,543228.0,,,,,
35173,1992-03-14,334,F,4-NOT SPECIFIED,Clerk#000000340,0,1,3,246429,0.0,0.0,492858.0,Customer#000000334,OPN1N7t4aQ23TnCpc,EGYPT,MIDDLE EAST,14-947-291-5002
20194,1992-03-14,1237,F,2-HIGH,Clerk#000000736,0,1,3,150128,0.0,0.0,300256.0,,,,,
13024,1992-03-14,664,F,3-MEDIUM,Clerk#000000700,0,1,3,58940,0.0,0.0,117880.0,,,,,
2880,1992-03-15,79,F,2-HIGH,Clerk#000000756,0,1,2,176692,0.0,0.0,353384.0,Customer#000000079,"n5hH2ftkVRwW8idtD,BmM2",MOROCCO,AFRICA,25-147-850-4166
14784,1992-03-15,1036,F,3-MEDIUM,Clerk#000000479,0,1,5,191088,0.0,0.0,382176.0,,,,,
27490,1992-03-15,1238,F,4-NOT SPECIFIED,Clerk#000000471,0,1,4,192088,0.0,0.0,384176.0,,,,,
2022,1992-03-15,619,F,1-URGENT,Clerk#000000268,0,1,5,323155,0.0,0.0,646310.0,,,,,
43138,1992-03-15,557,F,5-LOW,Clerk#000000351,0,1,1,70259,0.0,0.0,140518.0,,,,,
15367,1992-03-16,20,F,1-URGENT,Clerk#000000978,0,1,0,23485,0.0,0.0,46970.0,Customer#000000020,JrPk8Pqplj4Ne,RUSSIA,EUROPE,32-957-234-8742
48647,1992-03-16,419,F,4-NOT SPECIFIED,Clerk#000000897,0,1,3,106835,0.0,0.0,213670.0,Customer#000000419,gvbZNJ4UVBAo5yOZ2UOWcvV9TeTj,MOZAMBIQUE,AFRICA,26-338-447-2399
52995,1992-03-16,559,F,4-NOT SPECIFIED,Clerk#000000834,0,1,3,78502,0.0,0.0,157004.0,,,,,
21223,1992-03-16,410,F,4-NOT SPECIFIED,Clerk#000000323,0,1,2,231976,0.0,0.0,463952.0,Customer#000000410,"nYak2u Q9,gYUiLfh1N",GERMANY,EUROPE,17-576-345-5940
53571,1992-03-16,520,F,4-NOT SPECIFIED,Clerk#000000177,0,1,4,182683,0.0,0.0,365366.0,,,,,
21607,1992-03-16,1084,F,4-NOT SPECIFIED,Clerk#000000532,0,1,0,78645,0.0,0.0,157290.0,,,,,
17571,1992-03-16,358,F,4-NOT SPECIFIED,Clerk#000000503,0,1,2,411963,0.0,0.0,823926.0,Customer#000000358,F  z jplpUKWz1Hn7p3ez2qTsiIh,ETHIOPIA,AFRICA,15-457-255-3822
19207,1992-03-16,97,F,4-NOT SPECIFIED,Clerk#000000003,0,1,3,196414,0.0,0.0,392828.0,Customer#000000097,"OApyejbhJG,0Iw3j rd1M",PERU,AMERICA,27-588-919-5638
47843,1992-03-17,97,F,1-URGENT,Clerk#000000497,0,1,3,148378,0.0,0.0,296756.0,Customer#000000097,"OApyejbhJG,0Iw3j rd1M",PERU,AMERICA,27-588-919-5638
55458,1992-03-17,170,F,2-HIGH,Clerk#000000701,0,1,2,88419,0.0,0.0,176838.0,Customer#000000170,5QmxmYubNhn6HAgLwTvphevM3OmpZTGsM,MOROCCO,AFRICA,25-879-984-9818
18112,1992-03-17,1097,F,4-NOT SPECIFIED,Clerk#000000037,0,1,3,170485,0.0,0.0,340970.0,,,,,
4515,1992-03-17,1397,F,1-URGENT,Clerk#000000191,0,1,3,218904,0.0,0.0,437808.0,,,,,
52262,1992-03-17,715,F,4-NOT SPECIFIED,Clerk#000000242,0,1,1,11848,0.0,0.0,23696.0,,,,,
59842,1992-03-17,358,F,4-NOT SPECIFIED,Clerk#000000734,0,1,2,89193,0.0,0.0,178386.0,Customer#000000358,F  z jplpUKWz1Hn7p3ez2qTsiIh,ETHIOPIA,AFRICA,15-457-255-3822
57985,1992-03-17,709,F,5-LOW,Clerk#000000799,0,1,1,109491,0.0,0.0,218982.0,,,,,
49953,1992-03-18,473,F,4-NOT SPECIFIED,Clerk#000000839,0,1,3,181928,0.0,0.0,363856.0,Customer#000000473,zO3W9pYj PvlsQGe,INDONESIA,ASIA,19-209-647-5704
24672,1992-03-18,826,F,3-MEDIUM,Clerk#000000794,0,1,2,271594,0.0,0.0,543188.0,,,,,
42816,1992-03-18,1396,F,5-LOW,Clerk#000000812,0,1,2,197943,0.0,0.0,395886.0,,,,,
55268,1992-03-18,412,F,2-HIGH,Clerk#000000581,0,1,2,52228,0.0,0.0,104456.0,Customer#000000412,"5IN2Y,QrhDJ2YBVGKiDbMpzi2hk1fmozIy2zQ",RUSSIA,EUROPE,32-940-318-3191
11202,1992-03-18,1168,F,3-MEDIUM,Clerk#000000614,0,1,3,156018,0.0,0.0,312036.0,,,,,
322,1992-03-19,1336,F,1-URGENT,Clerk#000000158,0,1,2,164884,0.0,0.0,329768.0,,,,,
